{"cameraMode":{"drawMode":0,"name":"Shaded","section":"Shading Mode"},"sceneLighting":false,"audioPlay":false,"sceneViewState":{"m_AlwaysRefresh":false,"showFog":true,"showSkybox":false,"showFlares":true,"showImageEffects":true,"showParticleSystems":true,"showVisualEffectGraphs":true,"m_FxEnabled":true},"in2DMode":false,"pivot":{"x":-0.20610079169273377,"y":0.4413531422615051,"z":0.10226170718669892},"rotation":{"x":-0.4010990858078003,"y":-0.168351411819458,"z":0.07514112442731857,"w":-0.8973817825317383},"size":0.3578530550003052,"orthographic":false}