{"cameraMode":{"drawMode":0,"name":"Shaded","section":"Shading Mode"},"sceneLighting":true,"audioPlay":false,"sceneViewState":{"m_AlwaysRefresh":false,"showFog":true,"showSkybox":true,"showFlares":true,"showImageEffects":true,"showParticleSystems":true,"showVisualEffectGraphs":true,"m_FxEnabled":true},"in2DMode":false,"pivot":{"x":7.434793472290039,"y":5.129080772399902,"z":22.23553466796875},"rotation":{"x":0.039491795003414157,"y":-0.18126137554645539,"z":-0.007420096080750227,"w":-0.9827032685279846},"size":14.498246192932129,"orthographic":false}