{"cameraMode":{"drawMode":0,"name":"Shaded","section":"Shading Mode"},"sceneLighting":false,"audioPlay":false,"sceneViewState":{"m_AlwaysRefresh":false,"showFog":true,"showSkybox":false,"showFlares":true,"showImageEffects":true,"showParticleSystems":true,"showVisualEffectGraphs":true,"m_FxEnabled":true},"in2DMode":false,"pivot":{"x":-0.00022632256150245667,"y":0.4986529052257538,"z":0.4388209581375122},"rotation":{"x":-0.36022713780403139,"y":-0.25750502943992617,"z":0.10403849929571152,"w":-0.890654981136322},"size":0.9493631720542908,"orthographic":false}